{"schemaVersion":"1.0","appDefinitionTemplate":{"id":"/providers/Microsoft.PowerApps/apps/","type":"Microsoft.PowerApps/apps","tags":{"primaryDeviceWidth":"1366","primaryDeviceHeight":"768","sienaVersion":"20220314T134019Z-3.22021.27.0","deviceCapabilities":"","supportsPortrait":"true","supportsLandscape":"true","primaryFormFactor":"Tablet","publisherVersion":"3.22021.27","minimumRequiredApiVersion":"2.2.0","hasComponent":"true","hasUnlockedComponent":"true","isUnifiedRootApp":"false"},"properties":{"appVersion":"2022-03-14T13:40:19Z","lifeCycleId":"Published","createdByClientVersion":{"major":3,"minor":22021,"build":27,"revision":0,"majorRevision":0,"minorRevision":0},"minClientVersion":{"major":3,"minor":22021,"build":27,"revision":0,"majorRevision":0,"minorRevision":0},"backgroundColor":"rgba(209, 232, 178, 1)","backgroundImageUri":"/2357914709672130880/N3b07656a-9448-4e7a-8ce6-38ae69d9fa4c-logoSmallFile","displayName":"Lab-01","description":"","commitMessage":"End of exercise","appUris":{"documentUri":{"value":"/2357914709672130880/Ne558e41e-a639-4eaa-b6a3-212d96a80893-document.msapp"},"imageUris":[],"additionalUris":[]},"createdTime":"0001-01-01T00:00:00Z","lastModifiedTime":"0001-01-01T00:00:00Z","sharedGroupsCount":0,"sharedUsersCount":0,"connectionReferences":{"37ba89bb-ddb6-4274-8b43-33618c88b85c":{"id":"374a3c21-e667-49d1-a726-f7c9c2f776ad","displayName":"Excel","iconUri":"https://connectoricons-prod.azureedge.net/releases/v1.0.1559/1.0.1559.2722/excel/icon.png","dataSources":["Tasks"],"dependencies":["5689f540-2ab6-4c60-9ccb-a1dd264f01b1"],"dependents":[],"parameterHints":{"5689f540-2ab6-4c60-9ccb-a1dd264f01b1":{"value":"fileSource"}},"parameterHintsV2":{"fileSource":{"value":"5689f540-2ab6-4c60-9ccb-a1dd264f01b1"}},"isOnPremiseConnection":false,"bypassConsent":false,"dataSets":{"b!Yg2hZ11AhUmHZLLISHbJuOSWpb69kq1NowjwGc_A8ZVSm6OGUJCFSp4xx8tpDRey.014JMKVF5U4MSJLF6YBJDJCURMJLO7WTAW":{"dataSources":{"Tasks":{"tableName":"Tasks"}}}},"apiTier":"Standard","isCustomApiConnection":false,"actions":["providers/PowerPlatform.Governance/Operations/Read","providers/PowerPlatform.Governance/Operations/Write","providers/PowerPlatform.Governance/Operations/Delete"]},"5689f540-2ab6-4c60-9ccb-a1dd264f01b1":{"id":"55162dec-89e1-4ba4-8d9f-3d9715786b54","displayName":"OneDrive for Business","iconUri":"https://connectoricons-prod.azureedge.net/releases/v1.0.1546/1.0.1546.2665/onedriveforbusiness/icon.png","dataSources":[],"dependencies":[],"dependents":["37ba89bb-ddb6-4274-8b43-33618c88b85c"],"parameterHints":{},"parameterHintsV2":{},"isOnPremiseConnection":false,"bypassConsent":false,"dataSets":{},"apiTier":"Standard","isCustomApiConnection":false}},"databaseReferences":{},"almMode":"Environment","performanceOptimizationEnabled":true,"canConsumeAppPass":true,"executionRestrictions":{"isTeamsOnly":false,"dataLossPreventionEvaluationResult":{"status":"Compliant","lastEvaluationDate":"2022-03-14T07:58:26.5514461Z","violations":[],"violationsByPolicy":[],"violationErrorMessage":"The app uses the following connectors: ."}}},"appType":"ClassicCanvasApp","appComponents":[]}}