{"schemaVersion":"1.0","appDefinitionTemplate":{"id":"/providers/Microsoft.PowerApps/apps/","type":"Microsoft.PowerApps/apps","tags":{"primaryDeviceWidth":"1366","primaryDeviceHeight":"768","supportsPortrait":"true","supportsLandscape":"true","primaryFormFactor":"Tablet","publisherVersion":"3.23072.22","minimumRequiredApiVersion":"2.2.0","hasComponent":"false","hasUnlockedComponent":"false","isUnifiedRootApp":"false","sienaVersion":"20230721T104144Z-3.23072.22.0"},"properties":{"appVersion":"2023-07-21T10:41:44Z","lifeCycleId":"Published","createdByClientVersion":{"major":3,"minor":23072,"build":22,"revision":0,"majorRevision":0,"minorRevision":0},"minClientVersion":{"major":3,"minor":23072,"build":22,"revision":0,"majorRevision":0,"minorRevision":0},"backgroundColor":"RGBA(0,176,240,1)","backgroundImageUri":"/6423193389280368930/N3f36dd86-842d-497f-9178-b0de4934e08f-logoSmallFile","displayName":"Lab-06c","description":"","commitMessage":"","appUris":{"documentUri":{"value":"/6423193389280368930/Nf1b122ac-2955-40dc-9a03-47dd5ad316c4-document.msapp"},"imageUris":[],"additionalUris":[]},"createdTime":"0001-01-01T00:00:00Z","lastModifiedTime":"0001-01-01T00:00:00Z","sharedGroupsCount":0,"sharedUsersCount":0,"connectionReferences":{"dacb9b16-7709-4871-9b3b-5ee3852a5a5d":{"id":"a5f4cf3d-eaef-45cd-b693-e360be0a2c29","displayName":"SharePoint","iconUri":"https://connectoricons-prod.azureedge.net/u/shgogna/globalperconnector-train1/1.0.1639.3312/sharepointonline/icon.png","dataSources":["ExpenseList"],"dependencies":[],"dependents":["2c12b96d-8d92-4874-b38c-849c698bd6e1"],"parameterHints":{},"parameterHintsV2":{},"isOnPremiseConnection":false,"bypassConsent":false,"dataSets":{"https://qa365uk.sharepoint.com":{"dataSources":{"ExpenseList":{"tableName":"0a4adff3-5efe-4465-9c02-56787345519f"}}}},"apiTier":"Standard","isCustomApiConnection":false,"actions":["providers/PowerPlatform.Governance/Operations/Read","providers/PowerPlatform.Governance/Operations/Write"]},"2c12b96d-8d92-4874-b38c-849c698bd6e1":{"id":"9a692b65-1a52-4c08-a639-b51e44166cfb","displayName":"Logic flows","iconUri":"https://connectoricons-prod.azureedge.net/releases/v1.0.1645/1.0.1645.3345/logicflows/icon.png","dataSources":["UploadExpenseFile"],"dependencies":["dacb9b16-7709-4871-9b3b-5ee3852a5a5d"],"dependents":[],"parameterHints":{"workflowName":{"value":"42b0a15b-9792-473e-a0fa-af3eec855b46"},"workflowEntityId":{},"dacb9b16-7709-4871-9b3b-5ee3852a5a5d":{"value":"shared_sharepointonline"}},"parameterHintsV2":{"workflowName":{"value":"42b0a15b-9792-473e-a0fa-af3eec855b46"},"workflowEntityId":{},"shared_sharepointonline":{"value":"dacb9b16-7709-4871-9b3b-5ee3852a5a5d"}},"isOnPremiseConnection":false,"bypassConsent":false,"dataSets":{},"apiTier":"Standard","isCustomApiConnection":false,"actions":["Run"],"nestedActions":[{"id":"/providers/Microsoft.PowerApps/apis/shared_sharepointonline/apiOperations/CreateFile","apiName":"SharePoint","actionName":"CreateFile","referencedResources":[{"key":"site","value":"https://qa365uk.sharepoint.com"}]}]}},"databaseReferences":{},"almMode":"Environment","performanceOptimizationEnabled":true,"canConsumeAppPass":true,"enableModernRuntimeMode":false,"executionRestrictions":{"isTeamsOnly":false,"dataLossPreventionEvaluationResult":{"status":"Compliant","lastEvaluationDate":"2023-07-27T09:03:04.2230495Z","violations":[],"violationsByPolicy":[],"violationErrorMessage":"The app uses the following connectors: shared_sharepointonline, shared_logicflows."},"httpActionRestriction":{"appUsesSharepointHttpAction":false,"enforcementStrategy":"Legacy","evaluationTime":"2023-07-27T09:03:04.2229773Z"}}},"appType":"ClassicCanvasApp","appComponents":[]}}