{"schemaVersion":"1.0","appDefinitionTemplate":{"id":"/providers/Microsoft.PowerApps/apps/","type":"Microsoft.PowerApps/apps","tags":{"primaryDeviceWidth":"1366","primaryDeviceHeight":"768","sienaVersion":"20230727T090403Z-3.23072.22.0","deviceCapabilities":"","supportsPortrait":"true","supportsLandscape":"true","primaryFormFactor":"Tablet","publisherVersion":"3.23072.22","minimumRequiredApiVersion":"2.2.0","hasComponent":"false","hasUnlockedComponent":"false","isUnifiedRootApp":"false"},"properties":{"appVersion":"2023-07-27T09:04:03Z","lifeCycleId":"Published","createdByClientVersion":{"major":3,"minor":23072,"build":22,"revision":0,"majorRevision":0,"minorRevision":0},"minClientVersion":{"major":3,"minor":23072,"build":22,"revision":0,"majorRevision":0,"minorRevision":0},"backgroundColor":"RGBA(0,176,240,1)","backgroundImageUri":"/11302128811404965604/N07fa6b33-acdb-4e28-901a-c9331261b4bc-logoSmallFile","displayName":"Lab-07","description":"","commitMessage":"","appUris":{"documentUri":{"value":"/11302128811404965604/N0c913ada-4430-4807-b3b4-73b2da0e0aa7-document.msapp"},"imageUris":[],"additionalUris":[]},"createdTime":"0001-01-01T00:00:00Z","lastModifiedTime":"0001-01-01T00:00:00Z","sharedGroupsCount":0,"sharedUsersCount":0,"connectionReferences":{"67666074-291b-4250-88b8-f8fc2f26d301":{"id":"374a3c21-e667-49d1-a726-f7c9c2f776ad","displayName":"Excel","iconUri":"https://connectoricons-prod.azureedge.net/releases/v1.0.1646/1.0.1646.3354/excel/icon.png","dataSources":["Courses"],"dependencies":["41c32960-b728-4eb5-a6de-eaefec279230"],"dependents":[],"parameterHints":{"41c32960-b728-4eb5-a6de-eaefec279230":{"value":"fileSource"}},"parameterHintsV2":{"fileSource":{"value":"41c32960-b728-4eb5-a6de-eaefec279230"}},"isOnPremiseConnection":false,"bypassConsent":false,"dataSets":{"b!Yg2hZ11AhUmHZLLISHbJuOSWpb69kq1NowjwGc_A8ZVSm6OGUJCFSp4xx8tpDRey.014JMKVF2UCWS7Q43PPBCKAYLJY6RIOCIG":{"dataSources":{"Courses":{"tableName":"Courses"}}}},"apiTier":"Standard","isCustomApiConnection":false,"actions":["providers/PowerPlatform.Governance/Operations/Read","providers/PowerPlatform.Governance/Operations/Write"]},"41c32960-b728-4eb5-a6de-eaefec279230":{"id":"55162dec-89e1-4ba4-8d9f-3d9715786b54","displayName":"OneDrive for Business","iconUri":"https://connectoricons-prod.azureedge.net/releases/v1.0.1647/1.0.1647.3361/onedriveforbusiness/icon.png","dataSources":[],"dependencies":[],"dependents":["67666074-291b-4250-88b8-f8fc2f26d301"],"parameterHints":{},"parameterHintsV2":{},"isOnPremiseConnection":false,"bypassConsent":false,"dataSets":{},"apiTier":"Standard","isCustomApiConnection":false}},"databaseReferences":{},"almMode":"Environment","performanceOptimizationEnabled":true,"canConsumeAppPass":true,"enableModernRuntimeMode":false,"executionRestrictions":{"isTeamsOnly":false,"dataLossPreventionEvaluationResult":{"status":"Compliant","lastEvaluationDate":"2022-03-15T15:45:51.6054866Z","violations":[],"violationsByPolicy":[],"violationErrorMessage":"The app uses the following connectors: ."}}},"appType":"ClassicCanvasApp","appComponents":[]}}