{"schemaVersion":"1.0","appDefinitionTemplate":{"id":"/providers/Microsoft.PowerApps/apps/","type":"Microsoft.PowerApps/apps","tags":{"primaryDeviceWidth":"1366","primaryDeviceHeight":"768","sienaVersion":"20220908T132602Z-3.22084.17.0","deviceCapabilities":"","supportsPortrait":"true","supportsLandscape":"true","primaryFormFactor":"Tablet","publisherVersion":"3.22084.17","minimumRequiredApiVersion":"2.2.0","hasComponent":"false","hasUnlockedComponent":"false","isUnifiedRootApp":"false"},"properties":{"appVersion":"2022-09-08T13:26:02Z","lifeCycleId":"Published","createdByClientVersion":{"major":3,"minor":22084,"build":17,"revision":0,"majorRevision":0,"minorRevision":0},"minClientVersion":{"major":3,"minor":22084,"build":17,"revision":0,"majorRevision":0,"minorRevision":0},"backgroundColor":"RGBA(0,176,240,1)","backgroundImageUri":"/14891649740010048190/N57f945e1-2451-4d62-9ade-e9019c26f47c-logoSmallFile","displayName":"Lab-03","description":"","commitMessage":"","appUris":{"documentUri":{"value":"/14891649740010048190/N8a947e5d-b913-4fdf-ae3b-b353fd0e51c2-document.msapp"},"imageUris":[],"additionalUris":[]},"createdTime":"0001-01-01T00:00:00Z","lastModifiedTime":"0001-01-01T00:00:00Z","sharedGroupsCount":0,"sharedUsersCount":0,"connectionReferences":{"a5abfb46-5a94-4dc4-9db8-fa2e83fca6ad":{"id":"374a3c21-e667-49d1-a726-f7c9c2f776ad","displayName":"Excel","iconUri":"https://connectoricons-prod.azureedge.net/releases/v1.0.1595/1.0.1595.2986/excel/icon.png","dataSources":["EquipmentList"],"dependencies":["b4c8114f-5dc2-4903-ab77-b045cfc8eebe"],"dependents":[],"parameterHints":{"b4c8114f-5dc2-4903-ab77-b045cfc8eebe":{"value":"fileSource"}},"parameterHintsV2":{"fileSource":{"value":"b4c8114f-5dc2-4903-ab77-b045cfc8eebe"}},"isOnPremiseConnection":false,"bypassConsent":false,"dataSets":{"b!Yg2hZ11AhUmHZLLISHbJuOSWpb69kq1NowjwGc_A8ZVSm6OGUJCFSp4xx8tpDRey.014JMKVF3CT4ESYQPSFZEJJQ4WFARRTVJF":{"dataSources":{"EquipmentList":{"tableName":"EquipmentList"}}}},"apiTier":"Standard","isCustomApiConnection":false,"actions":["providers/PowerPlatform.Governance/Operations/Read","providers/PowerPlatform.Governance/Operations/Write"]},"b4c8114f-5dc2-4903-ab77-b045cfc8eebe":{"id":"55162dec-89e1-4ba4-8d9f-3d9715786b54","displayName":"OneDrive for Business","iconUri":"https://connectoricons-prod.azureedge.net/releases/v1.0.1546/1.0.1546.2665/onedriveforbusiness/icon.png","dataSources":[],"dependencies":[],"dependents":["a5abfb46-5a94-4dc4-9db8-fa2e83fca6ad"],"parameterHints":{},"parameterHintsV2":{},"isOnPremiseConnection":false,"bypassConsent":false,"dataSets":{},"apiTier":"Standard","isCustomApiConnection":false}},"databaseReferences":{},"almMode":"Environment","performanceOptimizationEnabled":true,"canConsumeAppPass":true,"enableModernRuntimeMode":false,"executionRestrictions":{"isTeamsOnly":false,"dataLossPreventionEvaluationResult":{"status":"Compliant","lastEvaluationDate":"2022-03-14T13:46:49.8219814Z","violations":[],"violationsByPolicy":[],"violationErrorMessage":"The app uses the following connectors: ."}}},"appType":"ClassicCanvasApp","appComponents":[]}}