{"schemaVersion":"1.0","appDefinitionTemplate":{"id":"/providers/Microsoft.PowerApps/apps/","type":"Microsoft.PowerApps/apps","tags":{"primaryDeviceWidth":"1366","primaryDeviceHeight":"768","supportsPortrait":"true","supportsLandscape":"true","primaryFormFactor":"Tablet","showStatusBar":"false","publisherVersion":"3.23093.15","minimumRequiredApiVersion":"2.2.0","hasComponent":"false","hasUnlockedComponent":"false","isUnifiedRootApp":"false","sienaVersion":"20231006T072934Z-3.23093.15.0"},"properties":{"appVersion":"2023-10-06T07:29:34Z","lifeCycleId":"Published","createdByClientVersion":{"major":3,"minor":23093,"build":15,"revision":0,"majorRevision":0,"minorRevision":0},"minClientVersion":{"major":3,"minor":23093,"build":15,"revision":0,"majorRevision":0,"minorRevision":0},"backgroundColor":"RGBA(0,176,240,1)","backgroundImageUri":"/16367690834853508915/N68c706ad-0db5-4564-bfd2-aa38ad66c4fb-logoSmallFile","displayName":"Lab 03","description":"","commitMessage":"","appUris":{"documentUri":{"value":"/16367690834853508915/Na9bf7417-c30e-4821-b40b-0a8c5588f431-document.msapp"},"imageUris":[],"additionalUris":[]},"createdTime":"0001-01-01T00:00:00Z","lastModifiedTime":"0001-01-01T00:00:00Z","sharedGroupsCount":0,"sharedUsersCount":0,"connectionReferences":{"090de2b4-3a81-4901-9d45-1c2802e59475":{"id":"374a3c21-e667-49d1-a726-f7c9c2f776ad","displayName":"Excel","iconUri":"https://connectoricons-prod.azureedge.net/releases/v1.0.1658/1.0.1658.3450/excel/icon.png","dataSources":["EquipmentList"],"dependencies":["2c86e24d-edac-442f-b928-c37774a1fa3c"],"dependents":[],"parameterHints":{"2c86e24d-edac-442f-b928-c37774a1fa3c":{"value":"fileSource"}},"parameterHintsV2":{"fileSource":{"value":"2c86e24d-edac-442f-b928-c37774a1fa3c"}},"isOnPremiseConnection":false,"bypassConsent":false,"dataSets":{"b!Yg2hZ11AhUmHZLLISHbJuOSWpb69kq1NowjwGc_A8ZVSm6OGUJCFSp4xx8tpDRey.014JMKVF3CT4ESYQPSFZEJJQ4WFARRTVJF":{"dataSources":{"EquipmentList":{"tableName":"EquipmentList"}}}},"apiTier":"Standard","isCustomApiConnection":false,"actions":["providers/PowerPlatform.Governance/Operations/Read","providers/PowerPlatform.Governance/Operations/Write"]},"2c86e24d-edac-442f-b928-c37774a1fa3c":{"id":"55162dec-89e1-4ba4-8d9f-3d9715786b54","displayName":"OneDrive for Business","iconUri":"https://connectoricons-prod.azureedge.net/releases/v1.0.1656/1.0.1656.3432/onedriveforbusiness/icon.png","dataSources":[],"dependencies":[],"dependents":["090de2b4-3a81-4901-9d45-1c2802e59475"],"parameterHints":{},"parameterHintsV2":{},"isOnPremiseConnection":false,"bypassConsent":false,"dataSets":{},"apiTier":"Standard","isCustomApiConnection":false}},"databaseReferences":{},"almMode":"Environment","performanceOptimizationEnabled":true,"canConsumeAppPass":true,"enableModernRuntimeMode":false,"executionRestrictions":{"isTeamsOnly":false,"dataLossPreventionEvaluationResult":{"status":"Compliant","lastEvaluationDate":"2023-10-06T06:57:59.2464054Z","violations":[],"violationsByPolicy":[],"violationErrorMessage":"The app uses the following connectors: ."}}},"appType":"ClassicCanvasApp","appComponents":[]}}