{"schemaVersion":"1.0","appDefinitionTemplate":{"id":"/providers/Microsoft.PowerApps/apps/","type":"Microsoft.PowerApps/apps","tags":{"primaryDeviceWidth":"1366","primaryDeviceHeight":"768","sienaVersion":"20210222T083806Z-3.21022.27.0","deviceCapabilities":"","supportsPortrait":"false","supportsLandscape":"true","primaryFormFactor":"Tablet","publisherVersion":"3.21022.27","minimumRequiredApiVersion":"2.2.0","hasComponent":"false","hasUnlockedComponent":"false","isUnifiedRootApp":"false"},"properties":{"appVersion":"2021-02-22T08:38:06Z","lifeCycleId":"Published","createdByClientVersion":{"major":3,"minor":21022,"build":27,"revision":0,"majorRevision":0,"minorRevision":0},"minClientVersion":{"major":3,"minor":21022,"build":27,"revision":0,"majorRevision":0,"minorRevision":0},"backgroundColor":"rgba(168, 36, 120, 1)","backgroundImageUri":"/13872820783428949384/Ncd079c70-2f6e-4c66-974e-0c47539fd692-logoSmallFile","displayName":"Collections Demo","description":"","commitMessage":"","appUris":{"documentUri":{"value":"/13872820783428949384/N34cac2bb-565e-4731-9166-9eebf99ce589-document.msapp"},"imageUris":[]},"createdTime":"0001-01-01T00:00:00Z","lastModifiedTime":"0001-01-01T00:00:00Z","sharedGroupsCount":0,"sharedUsersCount":0,"icons":{"smallIconUri":"/13872820783428949384/Nb1da64c9-509a-489f-b73a-4418fbcdbb89-small.png","mediumIconUri":"/13872820783428949384/Ncbc8db2e-8b7f-4277-bca1-ffa410eb1bf6-medium.png","largeIconUri":"/13872820783428949384/N701e453f-5563-4c45-8efc-aa93d4f3142f-large.png","wideIconUri":"/13872820783428949384/N7deb6bbd-5f59-412d-8f65-24bdc03360b2-wide.png"},"connectionReferences":{},"databaseReferences":{},"almMode":"Environment","performanceOptimizationEnabled":true,"canConsumeAppPass":true,"executionRestrictions":{"isTeamsOnly":false,"dataLossPreventionEvaluationResult":{"status":"Compliant","lastEvaluationDate":"2021-02-22T07:56:39.995547Z","violationDetails":[]}}},"isAppComponentLibrary":false,"appType":"ClassicCanvasApp","appComponents":[]}}