{"schemaVersion":"1.0","appDefinitionTemplate":{"id":"/providers/Microsoft.PowerApps/apps/","type":"Microsoft.PowerApps/apps","tags":{"primaryDeviceWidth":"640","primaryDeviceHeight":"1136","supportsPortrait":"true","supportsLandscape":"false","primaryFormFactor":"Phone","publisherVersion":"3.23072.22","minimumRequiredApiVersion":"2.2.0","hasComponent":"false","hasUnlockedComponent":"false","isUnifiedRootApp":"false","sienaVersion":"20230727T073505Z-3.23072.22.0"},"properties":{"appVersion":"2023-07-27T07:35:05Z","lifeCycleId":"Published","createdByClientVersion":{"major":3,"minor":23072,"build":22,"revision":0,"majorRevision":0,"minorRevision":0},"minClientVersion":{"major":3,"minor":23072,"build":22,"revision":0,"majorRevision":0,"minorRevision":0},"backgroundColor":"rgba(253, 193, 2, 1)","backgroundImageUri":"/13563925455223385700/Nd5095287-c6e2-46b6-9a1a-6fe547c7c3db-logoSmallFile","displayName":"Lab 05","description":"","commitMessage":"","appUris":{"documentUri":{"value":"/13563925455223385700/N00e7a444-4e58-4056-88e8-2b2ac5b1558b-document.msapp"},"imageUris":[],"additionalUris":[]},"createdTime":"0001-01-01T00:00:00Z","lastModifiedTime":"0001-01-01T00:00:00Z","sharedGroupsCount":0,"sharedUsersCount":0,"connectionReferences":{"bb974930-2fbb-46d2-8619-def27b2d4614":{"id":"9a692b65-1a52-4c08-a639-b51e44166cfb","displayName":"Logic flows","iconUri":"https://connectoricons-prod.azureedge.net/releases/v1.0.1645/1.0.1645.3345/logicflows/icon.png","dataSources":["WeatherFlow"],"dependencies":["6eca47cf-dc3f-40ad-acc3-fdfd658f3276"],"dependents":[],"parameterHints":{"workflowName":{"value":"abd9c5ab-2e6d-4163-a3e1-3cddd7550573"},"workflowEntityId":{},"6eca47cf-dc3f-40ad-acc3-fdfd658f3276":{"value":"shared_msnweather"}},"parameterHintsV2":{"workflowName":{"value":"abd9c5ab-2e6d-4163-a3e1-3cddd7550573"},"workflowEntityId":{},"shared_msnweather":{"value":"6eca47cf-dc3f-40ad-acc3-fdfd658f3276"}},"isOnPremiseConnection":false,"bypassConsent":false,"dataSets":{},"apiTier":"Standard","isCustomApiConnection":false,"actions":["Run"],"nestedActions":[{"id":"/providers/Microsoft.PowerApps/apis/shared_msnweather/apiOperations/CurrentWeather","apiName":"MSN Weather","actionName":"CurrentWeather","referencedResources":[]}]},"6eca47cf-dc3f-40ad-acc3-fdfd658f3276":{"id":"be143c9d-52c1-474b-acc2-2a737dec3467","displayName":"MSN Weather","iconUri":"https://connectoricons-prod.azureedge.net/releases/v1.0.1646/1.0.1646.3354/msnweather/icon.png","dataSources":[],"dependencies":[],"dependents":["bb974930-2fbb-46d2-8619-def27b2d4614"],"parameterHints":{},"parameterHintsV2":{},"isOnPremiseConnection":false,"bypassConsent":false,"dataSets":{},"apiTier":"Standard","isCustomApiConnection":false}},"databaseReferences":{},"almMode":"Environment","performanceOptimizationEnabled":true,"canConsumeAppPass":true,"enableModernRuntimeMode":false,"executionRestrictions":{"isTeamsOnly":false,"dataLossPreventionEvaluationResult":{"status":"Compliant","lastEvaluationDate":"2023-07-27T08:50:09.0478679Z","violations":[],"violationsByPolicy":[],"violationErrorMessage":"The app uses the following connectors: shared_logicflows, shared_msnweather."},"httpActionRestriction":{"appUsesSharepointHttpAction":false,"enforcementStrategy":"Legacy","evaluationTime":"2023-07-27T08:50:09.0478208Z"}}},"appType":"ClassicCanvasApp","appComponents":[]}}