{"name":"b9431cec-8739-4be8-9aa1-08e4d9e1b810","id":"/providers/Microsoft.Flow/flows/b9431cec-8739-4be8-9aa1-08e4d9e1b810","type":"Microsoft.Flow/flows","properties":{"apiId":"/providers/Microsoft.PowerApps/apis/shared_logicflows","displayName":"Weather Flow","definition":{"metadata":{"workflowEntityId":null,"processAdvisorMetadata":null,"flowChargedByPaygo":null,"flowclientsuspensionreason":"None","flowclientsuspensiontime":null,"flowclientsuspensionreasondetails":null,"creator":{"id":"84d0524c-7e4e-4f00-8759-f96eeb17c0e6","type":"User","tenantId":"7b8ccfba-1c90-4201-9834-fa1e55226954"},"provisioningMethod":"FromDefinition","failureAlertSubscription":true,"clientLastModifiedTime":"2023-07-27T07:34:23.3006857Z"},"$schema":"https://schema.management.azure.com/providers/Microsoft.Logic/schemas/2016-06-01/workflowdefinition.json#","contentVersion":"1.0.0.0","parameters":{"$connections":{"defaultValue":{},"type":"Object"},"$authentication":{"defaultValue":{},"type":"SecureObject"}},"triggers":{"manual":{"metadata":{"operationMetadataId":"9647829d-5a63-48c6-a59a-0aaff6867d5a"},"type":"Request","kind":"PowerAppV2","inputs":{"schema":{"type":"object","properties":{"text":{"title":"Location","type":"string","x-ms-dynamically-added":true,"description":"Please enter your input","x-ms-content-hint":"TEXT"}},"required":["text"]}}}},"actions":{"Get_current_weather":{"runAfter":{},"metadata":{"operationMetadataId":"7b20168f-439a-40ac-b072-2f26c2fc0e01"},"type":"OpenApiConnection","inputs":{"host":{"apiId":"/providers/Microsoft.PowerApps/apis/shared_msnweather","connectionName":"shared_msnweather","operationId":"CurrentWeather"},"parameters":{"Location":"@triggerBody()['text']","units":"C"},"authentication":{"value":"@json(decodeBase64(triggerOutputs().headers['X-MS-APIM-Tokens']))['$ConnectionKey']","type":"Raw"}}},"Respond_to_a_PowerApp_or_flow":{"runAfter":{"Get_current_weather":["Succeeded"]},"metadata":{"operationMetadataId":"39d3c8d8-30ea-4c87-93b1-4c171e2f99e8"},"type":"Response","kind":"PowerApp","inputs":{"statusCode":200,"body":{"weather":"@outputs('Get_current_weather')?['body/responses/weather/current/cap']"},"schema":{"type":"object","properties":{"weather":{"title":"Weather","x-ms-dynamically-added":true,"type":"string"}}}}}}},"connectionReferences":{"shared_msnweather":{"connectionName":"shared-msnweather-f2d1107f-d8a2-4bca-9a57-d2cbc7cf5e9c","source":"Invoker","id":"/providers/Microsoft.PowerApps/apis/shared_msnweather","tier":"NotSpecified"}},"flowFailureAlertSubscribed":false,"isManaged":false}}