{"name":"257a0a5e-dd7a-4dae-a9fb-93f6b12bcece","id":"/providers/Microsoft.Flow/flows/257a0a5e-dd7a-4dae-a9fb-93f6b12bcece","type":"Microsoft.Flow/flows","properties":{"apiId":"/providers/Microsoft.PowerApps/apis/shared_logicflows","displayName":"Upload Expense File","definition":{"metadata":{"workflowEntityId":null,"processAdvisorMetadata":null,"flowclientsuspensionreason":"None","flowclientsuspensiontime":null,"creator":{"id":"84d0524c-7e4e-4f00-8759-f96eeb17c0e6","type":"User","tenantId":"7b8ccfba-1c90-4201-9834-fa1e55226954"},"provisioningMethod":"FromDefinition","failureAlertSubscription":true,"clientLastModifiedTime":"2022-03-15T14:02:42.9200744Z","flowclientsuspensionreasondetails":null},"$schema":"https://schema.management.azure.com/providers/Microsoft.Logic/schemas/2016-06-01/workflowdefinition.json#","contentVersion":"1.0.0.0","parameters":{"$connections":{"defaultValue":{},"type":"Object"},"$authentication":{"defaultValue":{},"type":"SecureObject"}},"triggers":{"manual":{"metadata":{"operationMetadataId":"bcfbf76e-4dea-46db-9208-c1bdd7612bbf"},"type":"Request","kind":"PowerApp","inputs":{"schema":{"type":"object","properties":{"Createfile_FileName":{"type":"string","description":"Name of the file.","x-ms-powerflows-param-ispartial":false},"Createfile_FileContent":{"type":"string","format":"binary","description":"Content of the file.","x-ms-powerflows-param-ispartial":false}},"required":["Createfile_FileName","Createfile_FileContent"]}}}},"actions":{"Create_file":{"runAfter":{},"metadata":{"operationMetadataId":"4e4be546-2bed-483d-a243-d82352a811c1"},"type":"OpenApiConnection","inputs":{"host":{"apiId":"/providers/Microsoft.PowerApps/apis/shared_sharepointonline","connectionName":"shared_sharepointonline","operationId":"CreateFile"},"parameters":{"dataset":"https://qa365uk.sharepoint.com/","folderPath":"/ExpensesLibrary","name":"@triggerBody()['Createfile_FileName']","body":"@base64ToBinary(triggerBody()['Createfile_FileContent'])"},"authentication":{"value":"@json(decodeBase64(triggerOutputs().headers['X-MS-APIM-Tokens']))['$ConnectionKey']","type":"Raw"}},"runtimeConfiguration":{"contentTransfer":{"transferMode":"Chunked"}}},"Respond_to_a_PowerApp_or_flow":{"runAfter":{"Create_file":["Succeeded"]},"metadata":{"operationMetadataId":"4cd8c41f-5d7b-4a34-80e7-e53a31e3c4b5"},"type":"Response","kind":"PowerApp","inputs":{"statusCode":200,"body":{"fileurl":"https://qa365uk.sharepoint.com/ExpensesLibrary/@{outputs('Create_file')?['body/Name']}"},"schema":{"type":"object","properties":{"fileurl":{"title":"FileURL","x-ms-dynamically-added":true,"type":"string"}}}}}},"outputs":{},"description":"Create one or more actions to happen when a button or link in Power Apps is selected. To use this flow from a Power App, select the control you want to trigger the flow and go to the Action tab in the Power Apps ribbon and select Flows."},"connectionReferences":{"shared_sharepointonline":{"connectionName":"shared-sharepointonl-87ec8ba2-fd41-40fe-acc8-f9507ff25c3c","source":"Invoker","id":"/providers/Microsoft.PowerApps/apis/shared_sharepointonline","tier":"NotSpecified"}},"flowFailureAlertSubscribed":false,"isManaged":false}}