{"schemaVersion":"1.0","appDefinitionTemplate":{"id":"/providers/Microsoft.PowerApps/apps/","type":"Microsoft.PowerApps/apps","tags":{"primaryDeviceWidth":"2399","primaryDeviceHeight":"1058","supportsPortrait":"true","supportsLandscape":"true","primaryFormFactor":"Tablet","publisherVersion":"3.23072.22","minimumRequiredApiVersion":"2.2.0","hasComponent":"false","hasUnlockedComponent":"false","isUnifiedRootApp":"false","sienaVersion":"20230721T074707Z-3.23072.22.0"},"properties":{"appVersion":"2023-07-21T07:47:07Z","lifeCycleId":"Published","createdByClientVersion":{"major":3,"minor":23072,"build":22,"revision":0,"majorRevision":0,"minorRevision":0},"minClientVersion":{"major":3,"minor":23072,"build":22,"revision":0,"majorRevision":0,"minorRevision":0},"backgroundColor":"RGBA(0,176,240,1)","backgroundImageUri":"/16417261757856226889/Ne85d1325-a31c-4f22-a3c5-0c3575befb19-logoSmallFile","displayName":"Lab-06a","description":"","commitMessage":"","appUris":{"documentUri":{"value":"/16417261757856226889/N069e64da-c7ae-4bc9-844a-00349ee5bb4d-document.msapp"},"imageUris":[],"additionalUris":[]},"createdTime":"0001-01-01T00:00:00Z","lastModifiedTime":"0001-01-01T00:00:00Z","sharedGroupsCount":0,"sharedUsersCount":0,"connectionReferences":{"ce86dd0d-a6fe-4e78-9c6a-4fadafe5e303":{"id":"a5f4cf3d-eaef-45cd-b693-e360be0a2c29","displayName":"SharePoint","iconUri":"https://connectoricons-prod.azureedge.net/u/shgogna/globalperconnector-train1/1.0.1639.3312/sharepointonline/icon.png","dataSources":["Employees","Equipment","NewStarterEquipment"],"dependencies":[],"dependents":[],"parameterHints":{},"parameterHintsV2":{},"isOnPremiseConnection":false,"bypassConsent":false,"dataSets":{"https://qa365uk.sharepoint.com":{"dataSources":{"Employees":{"tableName":"c8e6de00-47e1-47b5-a4ac-be5bcb924d24"},"Equipment":{"tableName":"6e9b5e65-dee8-4376-a817-775a53eb21cd"},"NewStarterEquipment":{"tableName":"84e0da95-cd6b-407c-ad52-9317c213bd24"}}}},"apiTier":"Standard","isCustomApiConnection":false,"actions":["providers/PowerPlatform.Governance/Operations/Read","providers/PowerPlatform.Governance/Operations/Write"]}},"databaseReferences":{},"almMode":"Environment","performanceOptimizationEnabled":true,"canConsumeAppPass":true,"enableModernRuntimeMode":false,"executionRestrictions":{"isTeamsOnly":false,"dataLossPreventionEvaluationResult":{"status":"Compliant","lastEvaluationDate":"2023-07-21T07:35:05.8958248Z","violations":[],"violationsByPolicy":[],"violationErrorMessage":"The app uses the following connectors: ."}}},"appType":"ClassicCanvasApp","appComponents":[]}}